,0,1,2,3
0,what is i-venture?,"{'query': 'what is i-venture?', 'result': ' I-Venture is an entrepreneurial organization located at ISB that aims to foster entrepreneurship and nurture startups by providing them with resources and support under one roof. It also runs programs such as I-Win and OfExperiences to help professionals undergoing career transitions. Saumita, an ME and PhD in Biotechnology, is an alumnus of BITS Pilani and IIT Kharagpur and is involved in the organization. ', 'source_documents': [Document(page_content='- I-Venture @ ISB\n- one roof with an aim to foster entrepreneurship and nurture startups.', metadata={'source': '/content/drive/MyDrive/striped_new/https___i-venture.org_category_startup-stories.txt'}), Document(page_content='Lami.Fit (lami.fit) is the perfect example of what happens when intuition, knowledge, experience and technology come together. The first-of-its-kind healthtech platform that uses DNA, and blood & body markers to predict health risks, Lami.fit synthesises the findings to curate personalised health plans that can prevent and reverse lifestyle diseases like diabetes, thyroid, PCOS, heart risks & chronic gut disorders.', metadata={'source': '/content/drive/MyDrive/striped_new/https___i-venture.org_i-win-startup-stories-in-a-world-where-fitness-is-measured-by-weight-alone-lami-fit-stands-out-by-a-mile.txt'}), Document(page_content='We are an entrepreneurial company and we care about one thing above all, building value for the company and our customers. As an entrepreneurial organization we should always consider ourselves a team and work as one.', metadata={'source': '/content/drive/MyDrive/striped_new/local_file18_no_empty_lines.txt'}), Document(page_content='Monk & Mei, I-Win program', metadata={'source': '/content/drive/MyDrive/striped_new/https___i-venture.org_i-win-startup-stories-what-led-sonia-khatri-anand-to-build-a-global-brand-from-the-brink-of-shutdown.txt'}), Document(page_content='That is what led to the genesis of OfExperiences, a platform that builds, develops and equips professionals who are undergoing career transitions by running niche cohort-based programs for them across career stages, and providing them with relevant information, personalized guidance, and real connections to help them navigate through their transitional phase. OFExperiences also acts as a bridge between such professionals and organizations that are looking for similar talent. Not only does Lochan’s brainchild help organizations with ready talent, but they also provide valuable behavioural insights that enable the organization’s talent hiring and development efforts.', metadata={'source': '/content/drive/MyDrive/striped_new/https___i-venture.org_i-win-startup-stories-how-lochan-helps-individuals-deal-with-their-career-related-dilemmas.txt'}), Document(page_content='Saumita is an Entrepreneur and a technology enthusiast with experience across Industrial R&D, Technology Analysis, and more recently, Book Publishing. Saumita is an ME, PhD in Biotechnology and is an alumnus of premiere Indian institutes BITS Pilani and IIT Kharagpur.', metadata={'source': '/content/drive/MyDrive/striped_new/https___i-venture.org_i-win-startup-stories-discover-how-saumita-banerjee-is-enabling-authors-with-letsauthor.txt'})]}",-0.3184797763824463,score
1,how does it help a startup?,"{'query': 'how does it help a startup?', 'result': '\nIt helps startups by providing them with a platform that offers personalized guidance, relevant information, and real connections to professionals who are undergoing career transitions. This can help startups find and acquire ready talent, as well as gain valuable insights into the behavior of professionals in their industry. Additionally, the platform can also assist with product design, market validation, and funding assistance for early-stage startups.', 'source_documents': [Document(page_content=""- platform that builds, develops and equips professionals\n- undergoing career transitions\n- niche cohort-based programs\n- relevant information, personalized guidance, and real connections\n- bridge between professionals and organizations\n- help organizations with ready talent\n- valuable behavioural insights\n- enable the organization's talent hiring and development efforts"", metadata={'source': '/content/drive/MyDrive/striped_new/https___i-venture.org_i-win-startup-stories-how-lochan-helps-individuals-deal-with-their-career-related-dilemmas.txt'}), Document(page_content='""Discover and validate your ideas, design products, and apply product frameworks.""', metadata={'source': '/content/drive/MyDrive/striped_new/https___i-venture.org_startup-toolkit.txt'}), Document(page_content='- Entersoft is a leading application security provider\n- helping businesses across fintech and blockchain technology\n- secure their applications\n- through future-ready solutions\n- that help keep up with the changing technology landscape\n- Their strengths lie in assessing security risks, monitoring for threats and safeguarding applications against compliance issues as well as the latest threats.', metadata={'source': '/content/drive/MyDrive/striped_new/https___i-venture.org_hackfest.txt'}), Document(page_content='startups’ needs and equip them with a refined product pitch, scalable business tools, resources for comprehensive market validation, and funding assistance.', metadata={'source': '/content/drive/MyDrive/striped_new/https___i-venture.org_liftoff-propel.txt'}), Document(page_content='There are five main criteria that the selection committee will take into account: sustainability, scalability, replicability, environmental impact and social impact of the startup.', metadata={'source': '/content/drive/MyDrive/striped_new/https___i-venture.org_social-impact-accelerator.txt'}), Document(page_content='- This app isn’t just great news for those of us with a sedentary lifestyle – it also helps athletes & individuals to reach the peak of their health and fitness.\n- The makers of the app believe that every individual is different and that the nutritional and fitness requirements for people vary greatly.\n- A general nutrition plan can only do so much and does not have the ability to fundamentally solve underlying health problems.\n- Lakshmi recalls her first success that led to Lami.Fit’s birth.\n- She had recommended a few dietary changes to her partner’s father who was dealing with diabetes, and in no time there was a substantial improvement in his condition.\n- Not only did his dependency on medicines reduce, but his overall health improved as well.\n- That was the moment when Lakshmi decided to make her experience accessible to all.\n- A partnership with Amol, who brought an entrepreneurial mindset, cleared the stage for Lami.Fit’s launch.\n- The support from I-win has helped Lakshmi and Amol a great deal.\n- Having mentors and.', metadata={'source': '/content/drive/MyDrive/striped_new/https___i-venture.org_i-win-startup-stories-in-a-world-where-fitness-is-measured-by-weight-alone-lami-fit-stands-out-by-a-mile.txt'}), Document(page_content='- Startups working in AI, Blockchain and DeFi thematic areas\n- Incorporated for a minimum of 1 year\n- At the post MVP stage or advanced product stage\n- In the early revenue stage with scalability potential', metadata={'source': '/content/drive/MyDrive/striped_new/https___i-venture.org_finchain.txt'}), Document(page_content='[I-WIN Startup Stories] How Lochan helps individuals deal with their career related dilemmas.I-WINStartup Stories [I-WIN Startup Stories] Discover how Saumita Banerjee is enabling authors with LetsAuthor', metadata={'source': '/content/drive/MyDrive/striped_new/https___i-venture.org_news.txt'}), Document(page_content='September 8, 2022 • I-WIN, Startup Stories  LetsAuthor (www.letsauthor.com) is an independent publishing house based in Bengaluru, with a strong and fast-growing list of titles. It was set up …', metadata={'source': '/content/drive/MyDrive/striped_new/https___i-venture.org.txt'})]}",-8.46904969215393,score
2,I-Venture @ ISB program?,"{'query': 'I-Venture @ ISB program?', 'result': '\nI-Venture @ ISB program is a one-year-old brand umbrella that brings together all the pillars of entrepreneurship at ISB - DLabs, AIC ISB, DIRI, and TRICOR. Its aim is to foster entrepreneurship and nurture startups by offering mentorship, tailored masterclasses and workshops, product development and refinement, field immersions, access to lab facilities, go-to-market strategies, and more. ', 'source_documents': [Document(page_content='I-Venture @ ISB is a brand umbrella bringing together all the pillars of entrepreneurship at ISB - DLabs, AIC ISB, DIRI, and TRICOR under one roof with an aim to foster entrepreneurship and nurture startups.', metadata={'source': '/content/drive/MyDrive/striped_new/https___i-venture.org_tag_women-entrepreneurs.txt'}), Document(page_content='I-Venture @ ISB is a brand umbrella bringing together all the pillars of entrepreneurship at ISB - DLabs, AIC ISB, DIRI, and TRICOR under one roof with an aim to foster entrepreneurship and nurture startups.', metadata={'source': '/content/drive/MyDrive/striped_new/https___i-venture.org_agrifood-accelerator.txt'}), Document(page_content='Criteria  Minimum 1 year from incorporation  Early revenue stage ventures with scalability potential  Program Offerings  Mentorship from I-Venture @ ISB and Deshpande Startups  Tailored Masterclasses and Workshops  Product Development and Refinement  Field Immersions  Access to Lab facilities  Go-to-Market strategies  Market Access and Scale up Support  Internationalization support  Strategic Partnerships  Fundraising support  Networking  Startup Toolkit  Program Timeline  Program Partners  Knowledge Partners  Investor Partners  Ecosystem Partners  Technology Partner  Contact Us  I-Venture @ ISB: rakshith_chengappa@isbdlabs.orgDeshpande Startup: mohamed.rizwan@dfmail.org  FAQs', metadata={'source': '/content/drive/MyDrive/striped_new/https___i-venture.org_agrifood-accelerator.txt'}), Document(page_content='I-Venture @ ISB turns One!\nI-Venture @ ISB has completed one year of its existence.\nI-Venture @ ISB is a brand umbrella bringing together all the pillars of entrepreneurship at ISB - DLabs, AIC ISB, DIRI, and TRICOR under one roof with an aim to foster entrepreneurship and nurture startups.', metadata={'source': '/content/drive/MyDrive/striped_new/https___i-venture.org_tag_i-venture-isb.txt'}), Document(page_content='I-Venture @ ISB program', metadata={'source': '/content/drive/MyDrive/striped_new/https___i-venture.org_tag_oneyearanniversary.txt'}), Document(page_content='I-Venture @ ISB program', metadata={'source': '/content/drive/MyDrive/striped_new/https___i-venture.org_tag_i-venture-isb.txt'})]}",-5.452191591262817,score
3,How can I be a part of I-Venture @ ISB?,"{'query': 'How can I be a part of I-Venture @ ISB?', 'result': ' To be a part of I-Venture @ ISB, you can email i-venture@isb.edu or call +91-8977011810. The program offers comprehensive support for startups, including mentorship, masterclasses, and internationalization support. Applications will be shortlisted based on technical feasibility, market awareness, value proposition, and scaling potential. I-Venture @ ISB is open to startups from all over the world.', 'source_documents': [Document(page_content='- I-Venture @ ISB is a brand umbrella bringing together all the pillars of entrepreneurship at ISB - DLabs, AIC ISB, DIRI, and TRICOR under one roof with an aim to foster entrepreneurship and nurture startups.\n- Email: i-venture@isb.edu\n- Phone: +91-8977011810', metadata={'source': '/content/drive/MyDrive/striped_new/https___i-venture.org_events_tag_iwin.txt'}), Document(page_content='The program offers comprehensive support, including mentorship from Dlabs and Broadridge, tailored masterclasses and workshops, business development,\xa0 go-to-market strategies, scale-up support, internationalisation support and strategic partnerships. Is the FinChain @ ISB powered by Broadridge Acceleration Program open to startups outside of India? Yes, startups across the globe can apply. I-Venture @ ISB', metadata={'source': '/content/drive/MyDrive/striped_new/https___i-venture.org_finchain.txt'}), Document(page_content='I-Venture @ ISBAugust 26, 2022  I-Venture @ ISB is a brand umbrella bringing together all the pillars of entrepreneurship at ISB - DLabs, AIC ISB, DIRI, and TRICOR under one roof with an aim to foster entrepreneurship and nurture startups.', metadata={'source': '/content/drive/MyDrive/striped_new/https___i-venture.org_tag_aic-isb.txt'}), Document(page_content='- I-Venture @ ISB is a brand umbrella bringing together all the pillars of entrepreneurship at ISB - DLabs, AIC ISB, DIRI, and TRICOR under one roof with an aim to foster entrepreneurship and nurture startups.', metadata={'source': '/content/drive/MyDrive/striped_new/https___i-venture.org_liftoff-propel.txt'}), Document(page_content='The applications will be shortlisted based on Technical Feasibility, Market Awareness, Value Proposition, and Scaling Potential.', metadata={'source': '/content/drive/MyDrive/striped_new/https___i-venture.org_tep-tricity-edition.txt'}), Document(page_content='- Come be a part of our team at DLabs & AIC ISB – bring your ideas, ingenuity and determination to make a difference.', metadata={'source': '/content/drive/MyDrive/striped_new/https___i-venture.org_careers.txt'}), Document(page_content='I-Venture @ ISB turns One! It warms our hearts to share that I-Venture @ ISB has completed one year of its existence. Thank you all for being a part of the I-Venture @ ISB family throughout.', metadata={'source': '/content/drive/MyDrive/striped_new/https___i-venture.org_tag_i-venture-isb.txt'})]}",-5.8467419147491455,score
4,Is there any specific sector I-Venture focus on?,"{'query': 'Is there any specific sector I-Venture focus on?', 'result': ' I-Venture focuses on entrepreneurship in sectors such as Agri, Food tech, and allied industries.', 'source_documents': [Document(page_content='I-Venture focus on entrepreneurship at ISB - DLabs, AIC ISB, DIRI, and TRICOR.', metadata={'source': '/content/drive/MyDrive/striped_new/https___i-venture.org_events_tag_i-venture-isb_list.txt'}), Document(page_content='No_OUTPUT', metadata={'source': '/content/drive/MyDrive/striped_new/https___i-venture.org_tep-tricity-edition.txt'}), Document(page_content='I-Venture @ ISB join forces with Deshpande Startups to run a pan India initiative to identify and engage an outstanding pool of potential entrepreneurs with innovative solutions to address problems in the Agri and Food sector with high growth potential.', metadata={'source': '/content/drive/MyDrive/striped_new/https___i-venture.org_agrifood-accelerator.txt'}), Document(page_content='I-Venture @ ISB is a brand umbrella bringing together all the pillars of', metadata={'source': '/content/drive/MyDrive/striped_new/https___i-venture.org_i-heal.txt'}), Document(page_content='If any court of competent jurisdiction holds that  the restrictions contained in this Agreement are unreasonable on any criteria, the said restrictions shall be  deemed to be reduced to the extent necessary in the opinion of such Court to make them reasonable.', metadata={'source': '/content/drive/MyDrive/striped_new/local_file19_no_empty_lines.txt'}), Document(page_content='Startup’s with their products/services in Agri, Food tech and allied', metadata={'source': '/content/drive/MyDrive/striped_new/https___i-venture.org_agrifood-accelerator.txt'})]}",-3.830927848815918,score
5,What type of events does I-Venture does?,"{'query': 'What type of events does I-Venture does?', 'result': ' I-Venture @ ISB offers support to startups that are at or above MVP stage, commercially viable, and have the potential to create an impact. The program offers comprehensive support, mentorship, tailored masterclasses and workshops, business development, go-to-market strategies, scale-up support, internationalisation support, strategic partnerships, and access to a business scale-up toolkit.', 'source_documents': [Document(page_content='Previous Events  Today Next Events  Subscribe to calendar Google Calendar iCalendar Outlook 365 Outlook Live Export .ics file Export Outlook .ics file I-Venture @ ISB is a brand umbrella bringing together all the pillars of entrepreneurship at ISB - DLabs, AIC ISB, DIRI, and TRICOR under one roof with an aim to foster entrepreneurship and nurture startups.', metadata={'source': '/content/drive/MyDrive/striped_new/https___i-venture.org_events_list_page_2__tribe-bar-date=2023-12-01_eventDisplay=past.txt'}), Document(page_content='The startups having their product/service at or above MVP stage (Technology Readiness Level 5 or more)Commercially viable and has the potential to create an impact What support does the program offer to selected startups?', metadata={'source': '/content/drive/MyDrive/striped_new/https___i-venture.org_i-heal.txt'}), Document(page_content='Startups incorporated for a minimum of 1 year, at the post MVP stage or advanced product stage (TRL 8-9), and in the early revenue stage with scalability potential are eligible to apply.', metadata={'source': '/content/drive/MyDrive/striped_new/https___i-venture.org_cleantech-accelerator.txt'}), Document(page_content='- The program offers comprehensive support\n- Mentorship from Dlabs and Broadridge\n- Tailored masterclasses and workshops\n- Business development\n- Go-to-market strategies\n- Scale-up support\n- Internationalisation support\n- Strategic partnerships\n- How long does the FinChain @ ISB powered by Broadridge Acceleration Program last?\n- Timeline of approximately 9 weeks\n- Acceleration period from January to March\n- Demo day\n- What happens after the application submission?\n- Shortlisted startups will be notified\n- Further instructions and details provided for participation in the program\n- Is the FinChain @ ISB powered by Broadridge Acceleration Program open to startups outside of India?\n- Yes, startups across the globe can apply\n- How can I get in touch for further inquiries?\n- Contact information: contact@isbdlabs.org\n- I-Venture @ ISB', metadata={'source': '/content/drive/MyDrive/striped_new/https___i-venture.org_finchain.txt'}), Document(page_content='Program offerings  Live-online expert sessions  Self-paced masterclasses  Live-online Friday socials & p2p networking  Mentor Clinics  Gap analysis  PMF discovery & validation  Go-To-Market  Financial planning  Advance Pitch Clinics  Fundraising opportunity  Networking  Access to business scale up toolkit  Program structure  Program timeline  Cohort 2023  Contact us  I-Venture @ ISB: nagaraj_bolakatti@isbdlabs.orgWadhwani Foundation: ankit.machhar@wfglobal.org  FAQs  Who is eligible to apply for the Liftoff Propel Program? Startups incorporated for a minimum of 1 year, at the post MVP stage or advanced product stage (TRL 8-9), and in the early revenue stage with scalability potential are eligible to apply. What support does the program offer to selected startups? The program offers comprehensive support, including mentorship from ISB & Wadhwani foundation, tailored masterclasses and workshops, business development and market access assistance, access to', metadata={'source': '/content/drive/MyDrive/striped_new/https___i-venture.org_liftoff-propel.txt'})]}",-8.032043933868408,score
6,how can i be part of these events and from where can i get to know?,"{'query': 'how can i be part of these events and from where can i get to know?', 'result': '\nTo participate in these events, you can RSVP through the provided link, but seats are limited and curated. Yes, startups can join virtually for the events. The HackFest duration is 8 hours and it is a hybrid event held at the ISB Hyderabad campus. For further inquiries, please contact us at contact@isbdlabs.org.', 'source_documents': [Document(page_content='Investor Connects ?\u200d? Expert Clinics ? Speed Networking ? Investment Readiness Workshop ☕ High Tea RSVP here:\xa0https://lu.ma/j0sn4ebw Limited seats and curated', metadata={'source': '/content/drive/MyDrive/striped_new/https___i-venture.org_events_list_page_2__tribe-bar-date=2023-11-01_eventDisplay=past.txt'}), Document(page_content='A maximum of 2 participants from each team can attend the event. Is it possible to participate virtually? Yes, startups can join virtually as well. What is the duration of the HackFest? 8 hours of live hybrid event at ISB Hyderabad campus. Events One year celebration Others Media Kit Resources Startup Toolkit', metadata={'source': '/content/drive/MyDrive/striped_new/https___i-venture.org_hackfest.txt'}), Document(page_content='Knowledge Series (I-Venture @ ISB) | Episode-1 March 10, 2023  « HackFest 2023 powered by EnterSoft Web3 Wednesdays – Monthly Edition » Healthtech startups in India have enormous potential for growth and can make a significant impact on the healthcare system. However, startups need to be cognizant of the challenges that come with doing business in the Indian healthcare market and must be well-equipped to navigate them. Our first episode of the Knowledge Series featured Dr. Vijayasimha Ajarananda, CEO, of Audicor Cardiometrics where he shares insights on the opportunities and challenges in the space.', metadata={'source': '/content/drive/MyDrive/striped_new/https___i-venture.org_event_knowledge-series-i-venture-isb-episode-1.txt'}), Document(page_content='CleanTech Acceleration Program is specifically designed for startups incorporated in India. It is not open to startups from outside of India.', metadata={'source': '/content/drive/MyDrive/striped_new/https___i-venture.org_cleantech-accelerator.txt'}), Document(page_content='14:30 - 16:30 hrs  Pitch Session  8 startups from India and the UK pitch to VCs  16:30 - 18:30 hrs  Round Table  Key ecosystem stakeholders (VCs, Policy makers, industry/corporate, startups and Academia) from India and the UK come together to discuss', metadata={'source': '/content/drive/MyDrive/striped_new/https___i-venture.org_london-conference-2022.txt'}), Document(page_content='The program offers comprehensive support, including mentorship from Dlabs and Broadridge, tailored masterclasses and workshops, business development,\xa0 go-to-market strategies, scale-up support, internationalisation support and strategic partnerships. How can I get in touch for further inquiries? For any further inquiries or questions, please feel free to contact us at contact@isbdlabs.org Our team will be happy to assist you and provide the necessary information.', metadata={'source': '/content/drive/MyDrive/striped_new/https___i-venture.org_finchain.txt'}), Document(page_content='Fri 10 March 10, 2023 Knowledge Series (I-Venture @ ISB) | Episode-1 Entrepreneurship is a complex and multifaceted endeavour that involves a range of skills and knowledge, from business planning and financial management to marketing and sales, team building, and more. We believe by providing access to information and resources that will help founders develop these skills and knowledge, we can create a more vibrant and thriving […] Fri 10 March 10, 2023 Knowledge Series (I-Venture @ ISB) | Episode-2 Entrepreneurship is a complex and multifaceted endeavour that involves a range of skills and knowledge, from business planning and financial management to marketing and sales, team building, and more. We believe by providing access to information and resources that will help founders develop these skills and knowledge, we can create a more vibrant and thriving […]', metadata={'source': '/content/drive/MyDrive/striped_new/https___i-venture.org_events_list__tribe-bar-date=2023-10-27_eventDisplay=past.txt'})]}",-7.839606523513794,score
7,how i-venture assist startups in accessing funding and investment opportunities?,"{'query': 'how i-venture assist startups in accessing funding and investment opportunities?', 'result': '\nI-Venture @ ISB and Deshpande Startups have joined forces to run a pan India initiative to identify and engage potential entrepreneurs in the Agri and Food sector. This initiative aims to provide handholding, capacity building, and networking opportunities for startups to access funding and investment. ISB also has a Women of Innovation Program that provides acceleration support and a platform for fundraising for women-founded/co-founded startups. Additionally, I-Venture supports startups through its CleanTech Acceleration Program and facilitates the conversion of startups into profitable ventures. AIC also administers business incubators and provides support for entrepreneurship, as well as engages with the startup ecosystem in India. Finally, AIC offers support for startups in areas such as mentorship and business development, and also supports startups looking to expand globally.', 'source_documents': [Document(page_content='I-Venture @ ISB join forces with Deshpande Startups to run a pan India initiative to identify and engage an outstanding pool of potential entrepreneurs with innovative solutions to address problems in the Agri and Food sector with high growth potential. This initiative aims to build/nurture potential ventures by providing handholding, capacity building support, curated field visits to test/trial their products along with a platform to network with relevant stakeholders and investors.', metadata={'source': '/content/drive/MyDrive/striped_new/https___i-venture.org_agrifood-accelerator.txt'}), Document(page_content='- ""ISB has also been seeing some startups coming to the campus placement drives for recruitment.""\n - ""ISB is also doing an entrepreneurship programme under CM ST Entrepreneurship and Innovation (CMSTEI) scheme to support and promote entrepreneurs among scheduled tribes of Telangana.""\n - ""The Tribal Cooperative Finance Corporation (TRICOR) is the primary stakeholder in this programme.""\n - ""More than 170 startups graduated 70 raised funding Total funding raised by startups is about Rs 730 crore""', metadata={'source': '/content/drive/MyDrive/striped_new/https___i-venture.org_indian-school-of-business-to-create-global-corridor-for-startups.txt'}), Document(page_content='- I-Venture @ ISB’s Women of Innovation Program \n- provide acceleration support to women founded/co-founded start-ups \n- handholding entrepreneurs through their scaling-up journey \n- leveraging ISB’s strong network \n- enabling women to scale their products/services \n- Go-to-Market stage \n- scaling up through focused guidance, workshops, shared learning, networking \n- platform for fundraising \n- extensive business growth opportunities \n- I-WIN 2.0 \n- investment ready \n- helpful for startups who want to raise funds in near future', metadata={'source': '/content/drive/MyDrive/striped_new/https___i-venture.org_iwin.txt'}), Document(page_content='Pitch Session  8 startups from India and the UK pitch to VCs', metadata={'source': '/content/drive/MyDrive/striped_new/https___i-venture.org_london-conference-2022.txt'}), Document(page_content='I-Venture @ISB, Kalaari Capital, Endiya Partners, T-Hub, ISB Hyderabad campus, I-Venture team, Professor Bhagwan Chowdhry, exchange ideas, make connections', metadata={'source': '/content/drive/MyDrive/striped_new/https___i-venture.org_i-connect-isb-creating-an-ecosystem-for-entrepreneurs-to-network.txt'}), Document(page_content='CleanTech Acceleration Program is specifically designed for startups incorporated in India. For any further inquiries or questions, please feel free to contact us at contact@aicisb.org. Our team will be happy to assist you and provide the necessary information.', metadata={'source': '/content/drive/MyDrive/striped_new/https___i-venture.org_cleantech-accelerator.txt'}), Document(page_content='It administers business incubators that provide ‘Start-to-Scale’ support for entrepreneurship and facilitates the conversion of start-ups into profitable entrepreneurial ventures, apart from multidisciplinary research initiatives and academic programs that creates and strengthens entrepreneurial mindset and rigour.', metadata={'source': '/content/drive/MyDrive/striped_new/https___i-venture.org_about.txt'}), Document(page_content='Assisting Program Managers in new programs within AIC incubation, acceleration and corporate innovation verticalsSupport in end to end management of program along with stakeholder managementProactively engage with the startup ecosystem in IndiaDevelop and manage a pipeline of mentors, industry experts, and advisors for AIC across diverse industriesSupport in evaluating startups based on their business model and technical feasibility aligned with the program requirementsFacilitate targeted one-on-one support for startups in business development areas in close collaboration with AIC team and its', metadata={'source': '/content/drive/MyDrive/striped_new/https___i-venture.org_careers.txt'}), Document(page_content='Many budding entrepreneurs may not be aware of the legal system in those countries, the startup ecosystem there or finding the right mentors there. Conversely, there might be ideas in other countries that can solve a problem in India.', metadata={'source': '/content/drive/MyDrive/striped_new/https___i-venture.org_indian-school-of-business-to-create-global-corridor-for-startups.txt'})]}",-9.537303447723389,score
8,i am a student and want to startup my venture. how can i-venture @ isb help?,"{'query': 'i am a student and want to startup my venture. how can i-venture @ isb help?', 'result': ' I-Venture @ ISB offers various resources and programs for students interested in starting their own ventures, including the I-WIN Accelerator program and the Tinkerpreneur bootcamp. They also provide opportunities for pitching to venture capitalists and networking with key stakeholders in the entrepreneurship ecosystem. Additionally, they have a flagship program specifically for women-founded and co-founded startups.', 'source_documents': [Document(page_content='I-Venture @ ISB is a brand umbrella bringing together all the pillars of entrepreneurship at ISB - DLabs, AIC ISB, DIRI, and TRICOR under one roof with an aim to foster entrepreneurship and nurture startups. Email: i-venture@isb.edu Phone: +91-8977011810', metadata={'source': '/content/drive/MyDrive/striped_new/https___i-venture.org_events_tag_demoday.txt'}), Document(page_content='I-Venture @ ISB is proud to take them through our I-WIN Accelerator program and we wish the venture a successful journey!', metadata={'source': '/content/drive/MyDrive/striped_new/https___i-venture.org_i-win-startup-stories-what-led-sonia-khatri-anand-to-build-a-global-brand-from-the-brink-of-shutdown.txt'}), Document(page_content='Tinkerpreneur bootcamp was a first of its kind initiative by AIM to teach students entrepreneurship during the summer break. Students learnt various skills such as latest technology skills, building a product, business models, marketing, branding, business finance, building an online store and finally how to pitch their venture.', metadata={'source': '/content/drive/MyDrive/striped_new/https___i-venture.org_aim-concludes-atl-tinkerpreneur-2021-with-atal-catalyst-isb-program-for-the-top-100-student-teams.txt'}), Document(page_content='""Agenda  14:30 - 16:30 hrs  Pitch Session  8 startups from India and the UK pitch to VCs  16:30 - 18:30 hrs  Round Table  Key ecosystem stakeholders (VCs, Policy makers, industry/corporate, startups and Academia) from India and the UK come together to discuss how a robust and sustainable global startup corridor can be built.""', metadata={'source': '/content/drive/MyDrive/striped_new/https___i-venture.org_london-conference-2022.txt'}), Document(page_content='I am a student and want to startup my venture. I-Venture @ ISB’s flagship program for women-founded and co-founded start-ups.', metadata={'source': '/content/drive/MyDrive/striped_new/https___i-venture.org_i-win-startup-stories-in-a-world-where-fitness-is-measured-by-weight-alone-lami-fit-stands-out-by-a-mile.txt'}), Document(page_content='I-Venture at ISB is back with the second edition of I-Connect @ ISB powered by DBS Bank, this time in MoTown!', metadata={'source': '/content/drive/MyDrive/striped_new/https___i-venture.org_event_i-connect-isb-powered-by-dbs-bank.txt'})]}",-5.3316650390625,score
9,what all services does i-venture @ isb provide to startups?,"{'query': 'what all services does i-venture @ isb provide to startups?', 'result': ' I-Venture @ ISB provides various programs and support for startups in the AI, Blockchain, and DeFi thematic areas who have been incorporated for at least one year and are at the post MVP or advanced product stage. This includes access to business incubators, mentoring from alumni members and Prof Bhagwan Chowdhry, as well as various programs and activities to help them grow and reach the market. Additionally, the I-WIN accelerator program offers support such as expert sessions, networking opportunities, and access to business scale up toolkit.', 'source_documents': [Document(page_content='- I-Venture @ ISB is a brand umbrella bringing together all the pillars of entrepreneurship at ISB - DLabs, AIC ISB, DIRI, and TRICOR under one roof with an aim to foster entrepreneurship and nurture startups.', metadata={'source': '/content/drive/MyDrive/striped_new/https___i-venture.org_events_tag_yourstory.txt'}), Document(page_content='Startups working in AI,\xa0 Blockchain and DeFi thematic areas, incorporated for a minimum of 1 year, at the post MVP stage or advanced product stage, and in the early revenue stage with scalability potential are eligible to apply.', metadata={'source': '/content/drive/MyDrive/striped_new/https___i-venture.org_finchain.txt'}), Document(page_content='It administers business incubators that provide ‘Start-to-Scale’ support for entrepreneurship and facilitates the conversion of start-ups into profitable entrepreneurial ventures, apart from multidisciplinary research initiatives and academic programs that creates and strengthens entrepreneurial mindset and rigour. We have very specific programs that will cater to entrepreneurs and ventures of all stages. I-Venture @ ISB is constantly working towards creating a strong ecosystem of mentors, VC’s and Academicians to ensure startup’s reach to market and their growth.', metadata={'source': '/content/drive/MyDrive/striped_new/https___i-venture.org_about.txt'}), Document(page_content='- alumni members as mentors to nurture startup ideas into scalable businesses\n- Prof Bhagwan Chowdhry, Faculty Director, I-Venture\n- fosters entrepreneurship and nurtures startups at ISB\n- administers business incubators\n- facilitates the conversion of startups into entrepreneurial ventures\n- various programmes that cater to ventures of all stages\n- stepped up activities related to nurturing the entrepreneurship ecosystem\n- bringing them under one umbrella', metadata={'source': '/content/drive/MyDrive/striped_new/https___i-venture.org_indian-school-of-business-to-create-global-corridor-for-startups.txt'}), Document(page_content='The startups having their product/service at or above MVP stage (Technology Readiness Level 5 or more)Commercially viable and has the potential to create an impact What support does the program offer to selected startups?', metadata={'source': '/content/drive/MyDrive/striped_new/https___i-venture.org_i-heal.txt'}), Document(page_content='Startups incorporated for a minimum of 1 year, at the post MVP stage or advanced product stage (TRL 8-9), and in the early revenue stage with scalability potential are eligible to apply.', metadata={'source': '/content/drive/MyDrive/striped_new/https___i-venture.org_cleantech-accelerator.txt'}), Document(page_content=""I-WIN's accelerator program"", metadata={'source': '/content/drive/MyDrive/striped_new/https___i-venture.org_i-win-startup-stories-how-lochan-helps-individuals-deal-with-their-career-related-dilemmas.txt'}), Document(page_content='MVP StageMarket-tested with early or pilot customers  Program offerings  Live-online expert sessions  Self-paced masterclasses  Live-online Friday socials & p2p networking  Mentor Clinics  Gap analysis  PMF discovery & validation  Go-To-Market  Financial planning  Advance Pitch Clinics  Fundraising opportunity  Networking  Access to business scale up toolkit  Program structure  Program timeline  Cohort 2023  Contact us  I-Venture @ ISB: nagaraj_bolakatti@isbdlabs.orgWadhwani Foundation: ankit.machhar@wfglobal.org  FAQs', metadata={'source': '/content/drive/MyDrive/striped_new/https___i-venture.org_liftoff-propel.txt'})]}",-8.235581398010254,score
10,in which thematic areas does I-venture run accelerators,"{'query': 'in which thematic areas does I-venture run accelerators', 'result': ' I-venture runs accelerators in the thematic areas of AI, Blockchain and DeFi. The program is designed to support startups in achieving product market fit and focuses on critical business enablers. It also specifically supports ventures in the areas of Smart cities, Climate change, Education and Women empowerment. The program assists in end-to-end management and evaluation of startups, and scouts for potential startups through various platforms.', 'source_documents': [Document(page_content='""I-Venture @ ISB""', metadata={'source': '/content/drive/MyDrive/striped_new/https___i-venture.org_events_list_page_2__tribe-bar-date=2024-01-02_eventDisplay=past.txt'}), Document(page_content='Startups working in AI, Blockchain and DeFi thematic areas', metadata={'source': '/content/drive/MyDrive/striped_new/https___i-venture.org_finchain.txt'}), Document(page_content='- I-Venture @ ISB’s Women of Innovation Program\n- provide acceleration support to women founded/co-founded start-ups\n- handholding entrepreneurs through their scaling-up journey\n- leveraging ISB’s strong network\n- Go-to-Market stage\n- scaling up through focused guidance, workshops, shared learning, networking\n- fundraising with extensive business growth opportunities\n- I-WIN 2.0\n- investment ready\n- raise funds in near future\n- Sector Agnostic 4 months Program offerings\n- Investment readiness and fundraising\n- Go-to-Market strategies\n- Fine-tune business model\n- Engagement with domain experts\n- Process standardization\n- Strategic partnerships\n- Internationalization support\n- Networking\n- Pilot Opportunities\n- Startup Toolkit\n- Criteria', metadata={'source': '/content/drive/MyDrive/striped_new/https___i-venture.org_iwin.txt'}), Document(page_content='Startups working in AI, Blockchain and DeFi thematic areas.', metadata={'source': '/content/drive/MyDrive/striped_new/https___i-venture.org_finchain.txt'}), Document(page_content='The program covers areas which are critical business enablers, helping the startup focus on core business areas and achieving product market fit.', metadata={'source': '/content/drive/MyDrive/striped_new/https___i-venture.org_startup-toolkit.txt'}), Document(page_content='The program supported ventures which have the potential to bring about a disruptive change in four thematic areas: Smart cities, Climate change, Education and Women empowerment.', metadata={'source': '/content/drive/MyDrive/striped_new/https___i-venture.org_programs.txt'}), Document(page_content='- ""Assisting Program Managers in new programs within AIC incubation, acceleration and corporate innovation verticals""\n- ""Support in end to end management of program along with stakeholder management""\n- ""Scout for potential startups which are looking to scale up, through diverse platforms""\n- ""Support in evaluating startups based on their business model and technical feasibility aligned with the program requirements""', metadata={'source': '/content/drive/MyDrive/striped_new/https___i-venture.org_careers.txt'})]}",-6.178775787353516,score
11,how can i access startup toolkit,"{'query': 'how can i access startup toolkit', 'result': ' To access Startup ToolKit, you can register as a startup with a minimum of 1 year from incorporation. If you are backed with startup equity funding from pre-Seed to Series A, you may be eligible for the Scale program, which provides credits for Google Cloud and Firebase usage. Additionally, the Premium Pack for VC Funded/Series A,B,C Startups offers credits and other services such as virtual numbers and a dedicated account manager.', 'source_documents': [Document(page_content='Startup ToolKit', metadata={'source': '/content/drive/MyDrive/striped_new/https___i-venture.org_startup-toolkit.txt'}), Document(page_content='Access to business scale up toolkit', metadata={'source': '/content/drive/MyDrive/striped_new/https___i-venture.org_liftoff-propel.txt'}), Document(page_content='Startup Toolkit is a curated set of tools and services that a startup can avail at different phases of its growth.', metadata={'source': '/content/drive/MyDrive/striped_new/https___i-venture.org_startup-toolkit.txt'}), Document(page_content='● Free access to Qapita product● $350k worth access to Qapita Bundled products from its partners: AWS, IBM, Freshworks, Zoho, DBS, Mailmodo, VakilSearch etc. ● Monthly 1:1 Office Hours with industry experts Google CloudStart program:If you’re early in your startup journey and not yet backed with startup equity funding, you may be eligible for the following:● Up to $2,000 USD in credits to use over two years ● Access to technical resources and our global startup community Scale program:If you’re backed with startup equity funding from pre-Seed to Series A, you may be eligible for the following:● Your first year of Google Cloud and Firebase usage covered with credits up to $100,000● 20% of Google Cloud and Firebase usage usage covered in year two (up to an additional $100,000 in credits)* ● Guidance from your dedicated Startup Success Manager and Google Cloud engineers', metadata={'source': '/content/drive/MyDrive/striped_new/https___i-venture.org_startup-toolkit.txt'}), Document(page_content='Registered StartupWith minimum 1 year from incorporation.', metadata={'source': '/content/drive/MyDrive/striped_new/https___i-venture.org_liftoff-propel.txt'}), Document(page_content='Premium Pack for VC Funded/Series A,B,C Startups• Credits worth INR 10000 with a validity of 6 months which can be used for both calls and SMS.• 2 Exophones (virtual number) with 3 user logins and unlimited departments.• Zero software rental for the first 6 months with enterprise-grade customizations and a dedicated account manager.', metadata={'source': '/content/drive/MyDrive/striped_new/https___i-venture.org_startup-toolkit.txt'}), Document(page_content='Knowledge Series (I-Venture @ ISB) | Episode-1 March 10, 2023  « HackFest 2023 powered by EnterSoft Web3 Wednesdays – Monthly Edition » Entrepreneurship is a complex and multifaceted endeavour that involves a range of skills and knowledge, from business planning and financial management to marketing and sales, team building, and more. We believe by providing access to information and resources that will help founders develop these skills and knowledge, we can create a more vibrant and thriving startup ecosystem.', metadata={'source': '/content/drive/MyDrive/striped_new/https___i-venture.org_event_knowledge-series-i-venture-isb-episode-1.txt'})]}",-7.861863613128662,score
12,is mentorship or programs chargable?,"{'query': 'is mentorship or programs chargable?', 'result': ' Yes, the mentorship programs offered through the Acceleration Phase of the Program are chargable. There is a nominal fee of INR 20,000 + GST that selected startups must pay. There are also various other offerings such as access to lab facilities, market analysis, and financial management support available through the program.', 'source_documents': [Document(page_content='Acceleration Programs', metadata={'source': '/content/drive/MyDrive/striped_new/https___i-venture.org_programs.txt'}), Document(page_content='- By offering comprehensive support, including mentorship, capacity building, field trials, and networking opportunities, we empower cleantech startups to thrive and attract the attention of relevant stakeholders and investors.\n- Criteria  Minimum 1 Year of incorporation  Post MVP stage or Advance Product stage  Early revenue stage ventures with scalability potential  Program Offerings  Need based mentorship  Capacity building support  Go-To-Market  Process Standardization  Access to Lab Facilities  Analytical Support  Market Access & Scale up Support  Internationalization Support  Strategic Partnerships  Fundraising Support  Networking  Startup Toolkit  Program Timeline  Program Partners  Government', metadata={'source': '/content/drive/MyDrive/striped_new/https___i-venture.org_cleantech-accelerator.txt'}), Document(page_content='There is a component of Program fees involved in the Acceleration phase of the Program. There is a nominal fee of INR 20,000 + GST which the selected startups must pay before the commencement of the Acceleration Phase.', metadata={'source': '/content/drive/MyDrive/striped_new/https___i-venture.org_i-heal.txt'}), Document(page_content='ISB MentorCommunity, Technical and business mentorship, coaches, Business Acumen, Deep dive, different domains, market analysis, customer needs, financial management, Pre-Incubation Support, curated engagement, specialized sessions, growth, Product Development, prototyping facilities, tools, resources, prototypes', metadata={'source': '/content/drive/MyDrive/striped_new/https___i-venture.org_tep-tricity-edition.txt'}), Document(page_content='Cohort based, deep-dive mentorship programs, customized as per start-up’s specific needs. Pre-Incubation Program  Cohort based, deep, tailor-made mentorship programs.', metadata={'source': '/content/drive/MyDrive/striped_new/https___i-venture.org_programs.txt'}), Document(page_content='Program offerings, Mentor Clinics, Program structure, Program timeline, Cohort 2023, FAQs', metadata={'source': '/content/drive/MyDrive/striped_new/https___i-venture.org_liftoff-propel.txt'}), Document(page_content='""deep need-based mentorship""', metadata={'source': '/content/drive/MyDrive/striped_new/https___i-venture.org_i-heal.txt'})]}",-5.424937009811401,score
13,is seedfunding available? does i-venture takes equity?,"{'query': 'is seedfunding available? does i-venture takes equity?', 'result': ' I am sorry, I do not have enough information to accurately answer your question. The context mentions ""Program fees"" and ""Fundraising opportunity"" but does not specifically state whether seedfunding is available or if I-Venture takes equity. It may be best to reach out to I-Venture directly for more information.', 'source_documents': [Document(page_content='There is a component of Program fees involved in the Acceleration phase of the Program. There is a nominal fee of INR 20,000 + GST which the selected startups must pay before the commencement of the Acceleration Phase.', metadata={'source': '/content/drive/MyDrive/striped_new/https___i-venture.org_i-heal.txt'}), Document(page_content='The startups having their product/service at or above MVP stage (Technology Readiness Level 5 or more)Commercially viable and has the potential to create an impact', metadata={'source': '/content/drive/MyDrive/striped_new/https___i-venture.org_i-heal.txt'}), Document(page_content='I-Venture @ISB, Kalaari Capital, Endiya Partners, T-Hub, I-Venture team, startups incubated by I-Venture @ISB, VCs', metadata={'source': '/content/drive/MyDrive/striped_new/https___i-venture.org_i-connect-isb-creating-an-ecosystem-for-entrepreneurs-to-network.txt'}), Document(page_content='Startups incorporated for a minimum of 1 year, at the post MVP stage or advanced product stage (TRL 8-9), and in the early revenue stage with scalability potential are eligible to apply.', metadata={'source': '/content/drive/MyDrive/striped_new/https___i-venture.org_cleantech-accelerator.txt'}), Document(page_content='- ""Seedfunding available""\n- ""I-Venture takes equity""', metadata={'source': '/content/drive/MyDrive/striped_new/https___i-venture.org_agrifood-accelerator.txt'}), Document(page_content='- seedfunding available\n- i-venture takes equity', metadata={'source': '/content/drive/MyDrive/striped_new/https___i-venture.org_agrifood-accelerator.txt'}), Document(page_content='Fundraising opportunity\nNetworking', metadata={'source': '/content/drive/MyDrive/striped_new/https___i-venture.org_liftoff-propel.txt'})]}",-5.32017183303833,score
14,as a mentor or investor how can i be a part of i-venture,"{'query': 'as a mentor or investor how can i be a part of i-venture', 'result': ' As a mentor or investor, you can be a part of I-Venture @ ISB by joining forces with Deshpande Startups to run a pan India initiative to identify and engage potential entrepreneurs in the Agri and Food sector. You can also attend events and presentations at ISB to exchange ideas and make connections with other VCs and industry experts. Additionally, I-Venture @ ISB provides screening and selection of participants for their various programs, giving you the opportunity to mentor and invest in promising startups.', 'source_documents': [Document(page_content='I-Venture, which fosters entrepreneurship and nurtures startups at ISB. It administers business incubators and facilitates the conversion of startups into entrepreneurial ventures. It has various programmes that cater to ventures of all stages. “We have stepped up activities related to nurturing the entrepreneurship ecosystem.', metadata={'source': '/content/drive/MyDrive/striped_new/https___i-venture.org_indian-school-of-business-to-create-global-corridor-for-startups.txt'}), Document(page_content='I-Venture @ISB, Kalaari Capital, Endiya Partners, T-Hub, ISB Hyderabad campus, I-Venture team, presentations, VCs, Professor Bhagwan Chowdhry, Faculty Director, exchange ideas, make connections.', metadata={'source': '/content/drive/MyDrive/striped_new/https___i-venture.org_i-connect-isb-creating-an-ecosystem-for-entrepreneurs-to-network.txt'}), Document(page_content='Ms Vani Kola, Managing Director, Kalaari Capital; Mr Sateesh Andra, Managing Director, Endiya Partners; Mr Harkesh Mittal, Chairman, Startup India Seed Fund Committee; and Professor Madan Pillutla, Dean, ISB shared their insights at I-Connect@ISB. Speaking at the event, Dean Madan Pillutla said, “At ISB, we are creating an ecosystem to connect individuals and incubators which would not only help them, but also contribute to the nation’s growth.”\xa0\xa0 Ms Vani Kola said, “ISB has very special role to play. There’s a time and a place for what we can do in India in encouraging and exploring entrepreneurship to create meaningful value, not only for India but to be a beacon across the globe in the kind of the companies we create.” Mr Harkesh Mittal expressed that he sees a\xa0wonderful future as this is the time to be in India. “This is the time to be a startup, to be an investor and continue to be a startup ecosystem,” he said.', metadata={'source': '/content/drive/MyDrive/striped_new/https___i-venture.org_i-connect-isb-creating-an-ecosystem-for-entrepreneurs-to-network.txt'}), Document(page_content='I-Venture @ ISB join forces with Deshpande Startups to run a pan India initiative to identify and engage an outstanding pool of potential entrepreneurs with innovative solutions to address problems in the Agri and Food sector with high growth potential.', metadata={'source': '/content/drive/MyDrive/striped_new/https___i-venture.org_agrifood-accelerator.txt'}), Document(page_content='I-Venture @ ISB provides screening and selection of the participants, design and delivery of the academic training, facilitation of market exposures and financial exposure component of the programme for the selected set of 100 prospective entrepreneurs (2 cohorts of 50 participants each).', metadata={'source': '/content/drive/MyDrive/striped_new/https___i-venture.org_tricor.txt'})]}",-7.67546820640564,score
15,what is aic isb and dlabs?,"{'query': 'what is aic isb and dlabs?', 'result': "" AIC ISB and DLabs are innovation centers at the Indian School of Business (ISB) that support and accelerate innovations in AI, Blockchain, and DeFi. They provide a space for entrepreneurs to collaborate with mentors, investors, and academia, and contribute to the nation's growth."", 'source_documents': [Document(page_content='AIC ISB, DIRI, TRICOR', metadata={'source': '/content/drive/MyDrive/striped_new/https___i-venture.org_i-connect-isb.txt'}), Document(page_content='Lami.fit (lami.fit) is the perfect example of what happens when intuition, knowledge, experience and technology come together.', metadata={'source': '/content/drive/MyDrive/striped_new/https___i-venture.org_i-win-startup-stories-in-a-world-where-fitness-is-measured-by-weight-alone-lami-fit-stands-out-by-a-mile.txt'}), Document(page_content='- That is what led to the genesis of OfExperiences, a platform that builds, develops and equips professionals who are undergoing career transitions by running niche cohort-based programs for them across career stages, and providing them with relevant information, personalized guidance, and real connections to help them navigate through their transitional phase. \n- OFExperiences also acts as a bridge between such professionals and organizations that are looking for similar talent. \n- Not only does Lochan’s brainchild help organizations with ready talent, but they also provide valuable behavioural insights that enable the organization’s talent hiring and development efforts. \n- For Lochan, giving shape to her dream has not been as easy as getting the idea itself. \n- It took some time to design the right business model and several experiments, market explorations and positioning exercises to get to the root of it all.', metadata={'source': '/content/drive/MyDrive/striped_new/https___i-venture.org_i-win-startup-stories-how-lochan-helps-individuals-deal-with-their-career-related-dilemmas.txt'}), Document(page_content='About DLabs at the Indian School of Business (ISB) DLabs is the incubation and acceleration of ISB that hosts a state-of-the-art space for entrepreneurs to interact, engage and collaborate with mentors, investors and academia.', metadata={'source': '/content/drive/MyDrive/striped_new/https___i-venture.org_build-for-billions-accelerator.txt'}), Document(page_content='Innovation Centres DLabs AIC ISB DIRI TRICOR Accelerating Innovations in AI, Blockchain and DeFi DLabs Incubator Association (DLabs) at the Indian School of Business (ISB)', metadata={'source': '/content/drive/MyDrive/striped_new/https___i-venture.org_finchain.txt'}), Document(page_content='- Professor Madan Pillutla, Dean, ISB shared their insights at I-Connect@ISB.\n- Speaking at the event, Dean Madan Pillutla said, “At ISB, we are creating an ecosystem to connect individuals and incubators which would not only help them, but also contribute to the nation’s growth.”\n- Ms Vani Kola said, “ISB has very special role to play. There’s a time and a place for what we can do in India in encouraging and exploring entrepreneurship to create meaningful value, not only for India but to be a beacon across the globe in the kind of the companies we create.”\n- Mr Harkesh Mittal expressed that he sees a wonderful future as this is the time to be in India.\n- “This is the time to be a startup, to be an investor and continue to be a startup ecosystem,” he said.', metadata={'source': '/content/drive/MyDrive/striped_new/https___i-venture.org_i-connect-isb-creating-an-ecosystem-for-entrepreneurs-to-network.txt'})]}",-7.651917457580566,score
16,what is the difference between dlabs and i-venture @ isb,"{'query': 'what is the difference between dlabs and i-venture @ isb', 'result': ' DLabs is a part of I-Venture @ ISB, which is a brand umbrella that brings together various entrepreneurship programs at ISB. DLabs, along with other pillars like AIC ISB, DIRI, and TRICOR, aims to support and nurture startups.', 'source_documents': [Document(page_content='DLabs, I-Venture @ ISB', metadata={'source': '/content/drive/MyDrive/striped_new/https___i-venture.org_events_tag_yourstory_list.txt'}), Document(page_content='- I-Venture @ ISB\n- India-UK Startup Corridor\n- ISB in collaboration with the Wheeler Institute for Business and Development at London Business School', metadata={'source': '/content/drive/MyDrive/striped_new/https___i-venture.org_events_list_page_2__tribe-bar-date=2023-10-01_eventDisplay=past.txt'}), Document(page_content=""'I-Venture @ ISB is a brand umbrella bringing together all the pillars of entrepreneurship at ISB - DLabs, AIC ISB, DIRI, and TRICOR under one roof'"", metadata={'source': '/content/drive/MyDrive/striped_new/https___i-venture.org_finchain.txt'}), Document(page_content='OFExperiences, a platform that builds, develops and equips professionals who are undergoing career transitions by running niche cohort-based programs for them across career stages, and providing them with relevant information, personalized guidance, and real connections to help them navigate through their transitional phase. OFExperiences also acts as a bridge between such professionals and organizations that are looking for similar talent.', metadata={'source': '/content/drive/MyDrive/striped_new/https___i-venture.org_i-win-startup-stories-how-lochan-helps-individuals-deal-with-their-career-related-dilemmas.txt'}), Document(page_content='I-Venture @ ISB is a brand umbrella bringing together all the pillars of entrepreneurship at ISB - DLabs, AIC ISB, DIRI, and TRICOR under one roof with an aim to foster entrepreneurship and nurture startups.', metadata={'source': '/content/drive/MyDrive/striped_new/https___i-venture.org_tep-tricity-edition.txt'})]}",-4.823492765426636,score
17,how does dlabs help startups?,"{'query': 'how does dlabs help startups?', 'result': ' I am an assistant for question-answering tasks and do not have information about dlabs.', 'source_documents': [Document(page_content='we can create a more vibrant and thriving […] Blockchain Impact Lab DLabs at the Indian School of Business has launched the Blockchain Impact Lab today, which has been made possible through the support of S&P Global.', metadata={'source': '/content/drive/MyDrive/striped_new/https___i-venture.org_events_list__tribe-bar-date=2023-09-01_eventDisplay=past.txt'}), Document(page_content='Startups working in AI, Blockchain and DeFi thematic areas, incorporated for a minimum of 1 year, at the post MVP stage or advanced product stage, and in the early revenue stage with scalability potential', metadata={'source': '/content/drive/MyDrive/striped_new/https___i-venture.org_finchain.txt'}), Document(page_content='DLabs encourages creativity and innovation in a shared work environment amidst a healthy startup community.', metadata={'source': '/content/drive/MyDrive/striped_new/https___i-venture.org_build-for-billions-accelerator.txt'}), Document(page_content='Startups incorporated for a minimum of 1 year, at the post MVP stage or advanced product stage (TRL 8-9), and in the early revenue stage with scalability potential are eligible to apply.', metadata={'source': '/content/drive/MyDrive/striped_new/https___i-venture.org_cleantech-accelerator.txt'}), Document(page_content='Who is eligible to apply for the I-HEAL@ISB 2.0 Acceleration Program? The startups having their product/service at or above MVP stage (Technology Readiness Level 5 or more)Commercially viable and has the potential to create an impact What support does the program offer to selected startups?', metadata={'source': '/content/drive/MyDrive/striped_new/https___i-venture.org_i-heal.txt'}), Document(page_content='Program offerings, Live-online expert sessions, Self-paced masterclasses, Live-online Friday socials & p2p networking, Mentor Clinics, Gap analysis, PMF discovery & validation, Go-To-Market, Financial planning, Advance Pitch Clinics, Fundraising opportunity, Networking, Access to business scale up toolkit, Program structure, Program timeline, Cohort 2023, Contact us, FAQs, Who is eligible to apply for the Liftoff Propel Program? Startups incorporated for a minimum of 1 year, at the post MVP stage or advanced product stage (TRL 8-9), and in the early revenue stage with scalability potential are eligible to apply. What support does the program offer to selected startups? The program offers comprehensive support, including mentorship from ISB & Wadhwani foundation, tailored masterclasses and workshops, business development and market access assistance, access to.', metadata={'source': '/content/drive/MyDrive/striped_new/https___i-venture.org_liftoff-propel.txt'}), Document(page_content='- ""that builds, develops and equips professionals who are undergoing career transitions""\n- ""runs niche cohort-based programs for them across career stages""\n- ""providing them with relevant information, personalized guidance, and real connections to help them navigate through their transitional phase""\n- ""a bridge between such professionals and organizations that are looking for similar talent""\n- ""help organizations with ready talent""\n- ""provide valuable behavioural insights that enable the organization’s talent hiring and development efforts""', metadata={'source': '/content/drive/MyDrive/striped_new/https___i-venture.org_i-win-startup-stories-how-lochan-helps-individuals-deal-with-their-career-related-dilemmas.txt'})]}",-6.856957674026489,score
18,how many startups have i-venture supported so far?,"{'query': 'how many startups have i-venture supported so far?', 'result': '\nI-Venture @ ISB has supported 8 startups from India and the UK through its various pillars, including DLabs, AIC ISB, DIRI, and TRICOR. This program provides support for early and growth stage startups, such as acceleration, networking, fundraising, and internationalization opportunities. As a brand umbrella, I-Venture @ ISB aims to foster entrepreneurship and nurture startups at ISB.', 'source_documents': [Document(page_content='The program supported', metadata={'source': '/content/drive/MyDrive/striped_new/https___i-venture.org_programs.txt'}), Document(page_content='I-Venture @ ISB join forces with Deshpande Startups to run a pan India initiative to identify and engage an outstanding pool of potential entrepreneurs with innovative solutions to address problems in the Agri and Food sector with high growth potential.', metadata={'source': '/content/drive/MyDrive/striped_new/https___i-venture.org_agrifood-accelerator.txt'}), Document(page_content='I-Connect @ISB: Creating an ecosystem for entrepreneurs to network', metadata={'source': '/content/drive/MyDrive/striped_new/https___i-venture.org_indian-school-of-business-to-create-global-corridor-for-startups.txt'}), Document(page_content='Closed Know more Climate Solver Accelerator DLabs and WWF as part of the Climate Solver global climate innovations platform supported early and growth stage startups', metadata={'source': '/content/drive/MyDrive/striped_new/https___i-venture.org_programs.txt'}), Document(page_content='- I-Venture, which fosters entrepreneurship and nurtures startups at ISB.\n- It administers business incubators and facilitates the conversion of startups into entrepreneurial ventures.\n- We have stepped up activities related to nurturing the entrepreneurship ecosystem.\n- We were doing them in pockets.\n- Now, we are bringing them under one umbrella.', metadata={'source': '/content/drive/MyDrive/striped_new/https___i-venture.org_indian-school-of-business-to-create-global-corridor-for-startups.txt'}), Document(page_content='Women founded/co-founded start-ups, acceleration support, scaling-up journey, Go-to-Market stage, focused guidance, workshops, shared learning, networking, platform for fundraising, investment ready, investment readiness and fundraising, Go-to-Market strategies, fine-tune business model, engagement with domain experts, process standardization, strategic partnerships, internationalization support, networking, pilot opportunities, startup toolkit', metadata={'source': '/content/drive/MyDrive/striped_new/https___i-venture.org_iwin.txt'}), Document(page_content='8 startups from India and the UK pitch to VCs', metadata={'source': '/content/drive/MyDrive/striped_new/https___i-venture.org_london-conference-2022.txt'}), Document(page_content='I-Venture @ ISB is a brand umbrella bringing together all the pillars of entrepreneurship at ISB - DLabs, AIC ISB, DIRI, and TRICOR under one roof with an aim to foster entrepreneurship and nurture startups.', metadata={'source': '/content/drive/MyDrive/striped_new/https___i-venture.org_programs.txt'})]}",-6.730730772018433,score
19,i need handholding to scale my startup? how can you help?,"{'query': 'i need handholding to scale my startup? how can you help?', 'result': '\nI can help you by providing resources and mentorship through our program at I-Venture @ ISB’s Women of Innovation Program. We focus on leveraging our network to help women scale their products/services and offer tailored mentorship and networking programs. Our program will guide startups with a tested prototype and accelerate their journey through various stages of product development, including clinical validation, regulatory advisory, and fundraising opportunities.', 'source_documents': [Document(page_content='I-Venture @ ISB’s Women of Innovation Program aims to provide acceleration support to\xa0women-founded/co-founded start-ups\xa0by handholding entrepreneurs through their scaling-up journey. The accelerator is designed to focus on leveraging ISB’s strong network to enable women to scale their products/services.', metadata={'source': '/content/drive/MyDrive/striped_new/https___i-venture.org_events_list__tribe-bar-date=2024-04-01_eventDisplay=past.txt'}), Document(page_content=""Discover and validate your ideas, design products, and apply product frameworks. Try the startup tool that's built for teams. That is why we partnered with Miro's Startup Program."", metadata={'source': '/content/drive/MyDrive/striped_new/https___i-venture.org_startup-toolkit.txt'}), Document(page_content='Acceleration Programs Fast-track your startup journey with us. Cohort based, deep, tailor-made mentorship and networking programs.', metadata={'source': '/content/drive/MyDrive/striped_new/https___i-venture.org_programs.txt'}), Document(page_content='program will be tailored to startups’ needs and equip them with a refined product pitch, scalable business tools, resources for comprehensive market validation, and funding assistance. Who is eligible? Registered StartupWith minimum 1 year from incorporation.', metadata={'source': '/content/drive/MyDrive/striped_new/https___i-venture.org_liftoff-propel.txt'}), Document(page_content='the program will guide the startups, having at least a tested prototype, and accelerate their journey through product engineering and development, clinical validation support, deep need-based mentorship, regulatory advisory, market access, fundraising opportunities and much more!', metadata={'source': '/content/drive/MyDrive/striped_new/https___i-venture.org_i-heal.txt'})]}",-4.25891375541687,score
